x1,x2,x3,y
-0.5604756465522126,-0.710406563699301,7.7418807602162705,8.735797850455622
-0.23017748948327998,0.2568837091565295,6.8723610306705805,6.824457894579568
1.558708314149124,-0.24669187846237364,1.0516157094293621,7.418715379256221
0.07050839142457599,-0.3475425993977331,1.814359280816399,5.655514147001793
0.12928773516094624,-0.9516185672650157,-4.667979971067453,4.326019218557326
1.7150649868832812,-0.04502772480892027,0.9138123262619104,8.4507382660327
0.4609162059892024,-0.7849044694570758,-5.375895185644035,2.559025157155218
-1.2650612346065337,-1.6679419365881367,-10.507034616275034,1.3967551465012478
-0.686852851893526,-0.38022652028776244,5.74015207203311,8.836924845168362
-0.4456619700999581,0.9189966090607662,1.59552526155518,5.328850475746555
1.2240817974394618,-0.5753469626083918,1.318348889191669,9.947167058172397
0.3598138270573638,0.6079643222250333,3.7619577687852868,6.961545744324584
0.4007714505940521,-1.617882708289164,2.110274168747301,8.165329277728727
0.11068271594511968,-0.055561965524539424,-2.525639619407279,3.4128214872563367
-0.5558411347540749,0.5194072039434623,-4.515996409637951,0.517379228580371
1.7869131368030782,0.3011533621667144,12.85577102212225,14.209472394689206
0.49785047822923945,0.10567619414894332,-0.8930865456211183,4.983208722231639
-1.9666171566296382,-0.6407060083053765,-9.470682187874775,-2.662503440331264
0.7013559015636854,-0.8497043460335821,-7.327766829389841,5.771994837811887
-0.47279140772793404,-1.0241287906049132,-10.441547798859592,2.029687861984092
-1.0678237059868452,0.11764659710012589,-4.652575017163247,1.0741140107288822
-0.21797491465829505,-0.9474746141848022,-0.1884445860383548,7.691873173688796
-1.0260044483072397,-0.4905574437006684,2.0255594669321075,4.116113661171559
-0.72889122929114,-0.25609219219824725,1.3118827340009185,5.735609205250044
-0.6250392678492569,1.8438620052322074,2.463220994521846,1.083415208709201
-1.6866933107424134,-0.6519499016954583,-5.030486639648198,1.9423620393039096
0.8377870444945247,0.23538657228485685,-1.1412485125567304,5.154461211233634
0.15337311783651522,0.07796084956371077,-3.0454620235058867,4.184367678905859
-1.1381369370119476,-0.9618566341301289,-0.7385912815296809,6.182729837036888
1.2538149210699268,-0.07130808612359868,-2.7842573092486647,5.638499989544655
0.42646422147681357,1.4445508584233488,14.963050845685995,11.249678675163612
-0.2950714829922712,0.45150405307921465,0.31277122342384356,2.622336245917106
0.8951256610450224,0.04123292199293993,2.9866442212149464,7.031940317753113
0.8781334875330422,-0.4224968323396248,-3.203862045650657,7.079480584541662
0.8215810816374872,-2.0532472215405155,-7.388522950162919,7.021992563479732
0.688640254100091,1.1313372134141755,-1.8137885130835008,0.8111688773463048
0.5539176535375888,-1.460640070924822,-4.188711847562924,5.2937632462921895
-0.06191171057672168,0.7399475108773347,4.190931136100881,5.321921964841567
-0.30596266373991676,1.9091035692174834,6.736907100979516,4.957081820779404
-0.3804710010123826,-1.4438931609717993,-9.00030392021392,2.715044604602843
-0.6947069789205127,0.7017843353747109,-3.2271708059869018,1.5649729298970112
-0.20791727801959878,-0.26219748940246806,-3.713420615960906,4.31481413158291
-1.2653963515682645,-1.5721441591454879,0.23307816865875974,8.033787704130898
2.1689559653385126,-1.5146676537817514,-5.892609133996953,8.392481421847759
1.2079619983049905,-1.6015361735745934,-3.2839424960147916,8.321062190418377
-1.1231085832033496,-0.530906522170303,5.672872375477027,5.460348998131826
-0.402884835299076,-1.4617555849958999,-5.695910852229893,4.570556085016067
-0.46665535362321875,0.6879167729758275,-5.668763907425925,-0.48204858799500927
0.7799651183363179,2.1001089405256717,4.536409881879338,3.2639251545887116
-0.08336906647182925,-1.2870304760351792,-1.6005296665248054,6.468836288052671
0.25331851399475486,0.7877388474751779,0.9918392120661759,5.315362854818522
-0.02854675534870303,0.76904224100091,-0.5593486054435917,1.1466725935647464
-0.04287045729131607,0.3322025789501177,-0.8087193483745755,3.439650194770074
1.3686022840144578,-1.0083766082770078,0.16455797889399781,9.268572915605409
-0.22577098565926762,-0.11945260663065865,7.182644064518619,7.598363196976772
1.5164706044295397,-0.2803953351702467,1.7489296426539198,9.043864340810988
-1.5487528042302212,0.5629895332204798,3.9954604719585833,3.960051883808731
0.584613749636069,-0.37243875610382915,3.2056818092134836,8.19160288199251
0.12385424384461378,0.9769733866856207,2.6104291702153866,2.0711509837433444
0.21594156874397266,-0.37458085776701383,-8.356369450266087,4.46634748938358
0.3796394827598821,1.052711465579332,1.3118267744951595,3.91465042276054
-0.5023234531093023,-1.049177006666066,-6.601530191909173,3.6952970193012615
-0.3332073836694201,-1.2601552447581121,-4.211108337805541,5.188711736145871
-1.0185753831070885,3.2410399349424046,14.18696242694714,5.108211503746479
-1.0717912264755773,-0.41685758816043184,8.071239651723019,9.079307608843097
0.303528641404258,0.2982275915407154,9.239645352349509,9.268867283971204
0.4482097786294262,0.6365696740338486,2.140373757715676,5.847529970942787
0.05300422673050414,-0.4837806257087435,-10.127970401453409,0.03767355966264585
0.9222674678797376,0.5168620443136092,1.451221748341586,6.9322109982625
2.0500846856271444,0.36896452738508606,5.6530990687760205,9.702709169174202
-0.49103116605653524,-0.21538050764169347,2.5968611652990288,8.409418202636308
-2.309168875640813,0.06529303352531526,0.39018119171567456,-0.050297680342199946
1.0057385244622568,-0.034067253738464,5.330822434791443,8.77816626860002
-0.7092007625823924,2.128451899016181,-2.0094175771135774,-0.5000338677034968
-0.6880086164673579,-0.7413360962728284,0.6481897064135742,6.284886667930071
1.0255713696966988,-1.095996267074664,-3.4696321439667055,6.406052478196022
-0.2847730070510088,0.037788399171078804,0.41783268421749714,3.7093992909825557
-1.2207177122545354,0.31048074944313697,-1.137237290310987,2.123818992287126
0.18130347974915023,0.436523478910183,3.8130112210813767,6.291106459177135
-0.13889136243904462,-0.4583653327111057,-1.5295038088807067,3.1533604800592308
0.005764185899886934,-1.063326133971191,-11.515825518042114,1.4119368549050062
0.38528040112633055,1.26318517608949,8.242596154388341,7.363078642397142
-0.3706600317924094,-0.34965038795355474,0.1398616143028959,5.387967932351785
0.6443765485188332,-0.8655128626533742,-2.636043617313568,5.324551696825533
-0.22048656181875062,-0.23627956894109658,-0.5590892752273875,5.338417935843002
0.3317819639156969,-0.1971758943485522,0.7422294716280539,7.641709607343917
1.096839013149348,1.1099202897136407,6.628536238244629,8.195922462598867
0.4351814908338029,0.08473729219719643,9.328805688146627,9.012112025555282
-0.3259315855312268,0.7540537851845215,0.5150462898237316,2.8248727265540774
1.148807618451094,-0.49929201717226085,1.6400661048086929,8.887932133979115
0.9935038559621194,0.21444530958160127,8.472263006014508,9.650451036468962
0.5483969595080698,-0.3246859114908347,5.3936413014282305,7.011141577942611
0.23873173511144125,0.09458352817357144,6.487529606645383,9.29694616967092
-0.6279060760393714,-0.8953633579775416,-6.829242231309152,1.6047688746169317
1.3606524485300073,-1.310801533327972,8.801313948540246,13.489678442952794
-0.6002595871471267,1.9972133847479665,5.124625334600561,4.171397126088192
2.1873329930165775,0.6007088236724176,15.511051680584721,14.060962752866986
1.5326106261851893,-1.2512713616249438,-7.443106262658009,6.925637071387963
-0.23570035910047693,-0.6111659166804208,-2.199980536471029,3.508108147655836
-1.0264209003067806,-1.1854800845973106,0.6402908004405843,5.796931815880765
