water,fertiliser,height
1.7492560134269297,1.6715830155826985,24.50823820220269
3.9950959500856698,3.408896141798151,32.360873440912066
2.4388408078812063,4.907618797543266,39.01350961377028
7.0255439868196845,5.481909160065612,46.06181978122217
2.9186481423676014,2.344914662161643,35.00611641941745
3.068568946328014,4.187427749694411,35.43722066178966
7.7824244811199605,7.156711993764381,52.06686563510893
3.8118580635637045,2.503774771031691,35.18539216956298
9.679942794609815,9.00216457996106,55.84379888809384
9.137286061886698,11.035785258740292,48.74570388810862
7.74612435605377,8.883510333061768,49.37896031907036
5.787203300278634,5.965120381113874,42.77756166855576
1.3896544161252677,1.4585049630688778,25.805517061017053
6.9128816039301455,5.451618848845303,46.32076646845555
2.64495562762022,3.2027054920064817,30.374416546729556
4.2754419799894094,5.37072895529699,40.776908351678856
0.5660169804468751,2.0434190174357063,24.469008460203902
5.82066897302866,7.9035192087902,42.24373356245571
2.266912763006985,6.51817118603398,35.27750046617776
7.199939058627933,7.536080251668999,49.942212644655235
0.7960407785139978,2.5417316866115303,24.302068874095802
8.93885328900069,7.996730937194761,53.20955048025985
3.0053848028182983,1.8737251177669507,29.201473332440724
9.85271638724953,12.081338408116954,65.54560692846758
7.169329591561109,9.51068074812283,49.03078454420093
6.07847323641181,7.130516366891608,42.064399573918294
8.922355212271214,8.976968502271083,56.31969641027852
8.443909627385437,5.902320394523219,53.70450447102434
4.30979204364121,7.733734279756603,35.14373483851267
8.124497553799301,7.317124964989247,48.88140992394359
1.0069244564510882,-1.047310669384033,26.021512830237132
6.844075790140778,8.40446018961903,48.2658801534739
8.494101138785481,9.142139543668415,55.134747992461186
1.746053567621857,3.181152995364283,24.044264109288267
5.329466157127172,6.909313351687966,40.12291554386486
3.1741288490593433,5.606518212504568,32.31822433381317
5.278267988469452,4.815078045291242,42.39322644822854
8.834107243455946,12.119477283977705,55.25889880162838
9.866520930081606,8.365840864796665,56.1093235490717
3.559672203846276,7.2786877266362815,28.294635109526112
8.833002510946244,9.494162217732242,67.34375598958749
7.938334799837321,7.366084446073665,53.51920467469894
5.905256737023592,7.4728289212084285,45.64955269533534
9.44428778020665,8.503168721130223,48.254815931567045
6.028160925488919,5.3923365793883296,45.252297533189534
3.1537170079536736,4.8696029584852925,36.747866980852564
1.1136053851805627,1.8992110298199363,20.09702630606285
1.784313207026571,2.5743777270369335,28.775956204351296
8.836877413559705,7.5000570612202395,54.62887414643073
8.878982758615166,6.8541378541985,54.52156867512983
9.29054602747783,11.39982176154154,58.095852892636195
8.886232813820243,9.90563583656332,58.03180923735311
1.0508549329824746,3.9083554628972115,26.710197527396137
9.493495582137257,11.169132455212296,57.65754482786472
6.136991861276329,6.079047426739276,47.88778866981585
3.565657897852361,4.460140064336162,35.999147264328954
5.9415699052624404,3.362350077264466,40.591881643187556
8.290561283938587,8.655776118565056,50.30716879060537
7.473054847214371,7.775580215194252,46.47241264146489
4.7413232596591115,7.359384253013369,41.643612278218725
9.74003168521449,11.937697020325423,61.947195548084885
5.644289485644549,6.789389229910174,46.95657052989608
8.902243359480053,10.029973204159493,57.185406210410136
2.9920269642025232,2.831533794193092,27.814343221781368
4.517037649638951,5.018632474691064,30.792889690194805
2.9943566769361496,5.863843268677979,32.167555637237264
7.070261621847749,7.636135765978162,47.67305381593765
9.543671945575625,8.300424246679416,50.90873989139962
7.63358153635636,9.72285597139287,59.008425709699615
8.858398015145212,8.868754881741873,56.00406116760703
2.235738702584058,4.06271711492984,33.16738100174218
6.900502871721983,6.636621518919126,42.97524838505504
7.311026656534523,6.280379157065716,52.855426618063355
3.034266331233084,6.390785841933285,36.55132209308484
7.113761072978377,7.1996995096514995,50.388107299904505
0.6305295904166996,2.760999084332551,25.145621067479812
5.963450476992875,9.148049718613,52.50842440690084
5.507346976082772,5.639391198861805,42.89957279068976
4.873090605251491,5.124314831681298,39.30664983663356
4.335424585733563,2.4663441671357105,31.133736854394417
7.4610148021019995,7.982438193428946,48.866258659024766
2.584818871691823,3.226069229031204,36.99121099302254
3.0864219600334764,4.157337145377449,29.5238393626472
5.054085929878056,4.16394980810486,38.123960027689506
3.9579007122665644,4.7850641839629295,35.512050715662014
4.357774679083377,6.610930036019449,41.85913507965565
6.8816471472382545,7.845600831990689,47.82301625265933
6.153719215653837,5.370311010630147,41.068829564550384
4.853485715575516,5.873477390339759,38.086532961533585
5.2913529658690095,7.250548787433421,39.27614637233226
7.664779324550182,7.140421897194939,46.897377866257735
5.008291285485029,7.003558136059439,45.997345123315625
7.814824541565031,7.546605786711882,61.08811356218324
0.2749475627206266,3.0351640799358233,13.986265317798338
9.97179752215743,10.314507753654285,55.33091779436877
1.1673453892581165,1.9382819979934751,26.390995715549607
7.551471039187163,9.587856836410463,53.703843421252145
6.13365814788267,6.479277093945068,49.539926604113695
7.679880827199668,11.483382029482659,55.68429108348824
3.313368298113346,5.4268362432650745,34.989863778029765
